"USERNAME","WEBSERVICES.STUDENT_VOTING.ELI"
"AAASEN","1R"
"AABOYCE","3N"
"AABRAHAM","1R"
"AALBRO","3N"
"AALSMITH","1R"
"AARNDT","3N"
"AAROBERTSON","2H"
"AASISTIO","1R"
"AATHOMAS","3N"
"ABADHAM","2G"
"ABASCHE","2N"
"ABAUER","2G"
"ABAUGH","1R"
"ABECKWITH","1R"
"ABEERS","4N"
"ABERKOWITZ","4R"
"ABGARDNER","2G"
"ABINGLE","1R"
"ABISSONNETTE","3R"
"ABLAINE","4N"
"ABODAGHI","3G"
"ABOHEGIAN","2N"
"ABONICA","4H"
"ABOSWELL","4H"
"ABOYD","4R"
"ABOZICH","2R"
"ABRANSCOME","4N"
"ABROWN","3N"
"ABUFFUM","4N"
"ABUTLER","4N"
"ABWOLF","4N"
"ACALCIANO","2N"
"ACARR","3N"
"ACARRACINO","2G"
"ACATFORDROBINSON","2R"
"ACELDER","1R"
"ACHRISTENSEN","1R"
"ACIRALDO","1R"
"ACLARKE","1R"
"ACOLTON","3N"
"ACOREY","4G"
"ACOTTRELL","3N"
"ACOVERDALE","3N"
"ACRAVEN","4N"
"ACREWS","4H"
"ACSMITH","1R"
"ACUSSLER","4N"
"ADALTON","4H"
"ADANILA","3N"
"ADAUTREMONT","2H"
"ADAVIDSON","1R"
"ADELAVEAGA","2R"
"ADELGADO","2R"
"ADHILLON","3N"
"ADIMARIO","1R"
"ADOERFLINGER","2R"
"ADOHM","2N"
"ADOMBROW","4N"
"ADOWNS","2R"
"ADRAKOS","2N"
"ADTURNER","1R"
"ADUZ","2R"
"ADYER","3H"
"AECOURTNEY","3N"
"AEDMUNDSON","4N"
"AEGATES","1R"
"AEHART2","3N"
"AEJONES","2N"
"AELLSWORTH","1R"
"AENGLUND","4G"
"AEPSTEIN","3N"
"AETTLINGER","2R"
"AEWILLIAMS","1R"
"AFINK","4R"
"AFISH","1R"
"AFOLSON","4N"
"AFRASIER","2R"
"AFRICILONE","3N"
"AFRITZSCHE","4N"
"AFROMER","4G"
"AFROST","2N"
"AFWILSON","1R"
"AGALVIN","4N"
"AGANZ","1R"
"AGAREL","4N"
"AGEARY","3N"
"AGEHRIS","3H"
"AGENTER","3N"
"AGEORGAKOPOULOS","2H"
"AGHUGHES","3N"
"AGOLUBKOVA","1N"
"AGORTON","4H"
"AGRADY","1R"
"AGRAEBER","4N"
"AGRAHAM","3N"
"AGRAJEDA","2N"
"AGRAUSE","1R"
"AGREFF","3N"
"AGRIEBELER","4N"
"AGRIMM","2N"
"AGUERRIERO","4N"
"AGUNDERSON","3G"
"AGUZEK","1R"
"AHAEFELE","2N"
"AHALE","3G"
"AHARESCO","1R"
"AHARRISON","2N"
"AHEARST","1R"
"AHESTON","2R"
"AHICKS","1R"
"AHIGGINS","1R"
"AHOOBERMAN","3G"
"AHOROWITZ","3R"
"AHOUSTON","1R"
"AHUE","3N"
"AIBEERS","2R"
"AIBEKWE","1R"
"AJBUTLER","2R"
"AJCLIFFORD","2G"
"AJHARVEY","4G"
"AJOHANSSON","1R"
"AJOLLY","4H"
"AJWILLIAMS","4N"
"AKAMINSTEIN","1R"
"AKARDIAN","2R"
"AKASMAN","4N"
"AKAST","3G"
"AKAUFMAN","2R"
"AKBARKER","3R"
"AKEHN","4N"
"AKEYES","3N"
"AKIASKI","3H"
"AKITCHEL","3G"
"AKLOPPEL","2G"
"AKNIGHT","4N"
"AKOIDA","2R"
"AKOZLOV","2H"
"AKURASHIGEELLIOTT","3N"
"ALAIDLAW","2G"
"ALAMPE","1R"
"ALASNIK","1R"
"ALEARY","2R"
"ALEAVITT","3R"
"ALEDWARDS","3N"
"ALEHECKA","4N"
"ALEIKEN","1R"
"ALEUIN","1R"
"ALEVER","1R"
"ALEWIS","2N"
"ALEYDE","1R"
"ALIPPERT","3G"
"ALPHILLIPS","1R"
"ALTHELEN","3H"
"ALUCO","1R"
"ALUKE","2R"
"ALUNDEQUAM","4N"
"ALUNDQUIST","2R"
"ALYNCH","4N"
"ALYNN","2R"
"AMAGGIO","3N"
"AMANN","3H"
"AMARSHALL","2R"
"AMARTELL","4N"
"AMASTER","3R"
"AMCCONNEHEY","3R"
"AMCDONELL","3R"
"AMCLAREN","4N"
"AMCOHEN","1R"
"AMCTIGUE","4N"
"AMERRIWEATHER","2R"
"AMGREENE","2N"
"AMICKELSON","4H"
"AMIDDLETON","4N"
"AMILLER","3R"
"AMILLERMCKEEVER","4N"
"AMIX","3R"
"AMOELLER","2R"
"AMOHIT","1R"
"AMOULTON","4H"
"AMPRINCE","1R"
"AMROBERTS","2N"
"AMSCOTT","1R"
"AMULLER","4N"
"AMVANCE","4N"
"AMWHITE","1R"
"AMYERS","2N"
"ANEES","2N"
"ANELAZEKIRI","1N"
"ANICOL","2R"
"ANIGHTINGALE","3N"
"ANIKAIDO","2N"
"ANOCKAI","3H"
"ANUSHER","2N"
"AOH","2N"
"AONEILL","1R"
"AORTENZO","3N"
"AOSBORN","3N"
"AOXBOROUGH","4N"
"APARRISH","4N"
"APEW","4H"
"APHILLIPS","2H"
"APMAAS","3R"
"APOKROVSKAYA","1R"
"APOLLACK","4G"
"APREST","4H"
"APSMITH","1R"
"AQUBAIN","3N"
"ARENOSTO","2H"
"ARESTAD","4N"
"AREYES","4N"
"AREYNOLDS","2R"
"ARGOSS","1R"
"AROLL","2R"
"AROSS","2R"
"AROWLEY","4H"
"AROY","1R"
"ARUSSUM","1R"
"ARUZER","2N"
"ASAMUELS","3N"
"ASARIA","4N"
"ASATTERLUND","1R"
"ASCHECHTER","3N"
"ASCHERTZ","3R"
"ASCHOBLASKE","3H"
"ASCHOENING","1R"
"ASCHOLTEN","3N"
"ASCHROFF","1R"
"ASCHULZ","2R"
"ASHEPARD","4N"
"ASHERIDAN","2H"
"ASIMCOFF","2R"
"ASKINNER","1R"
"ASMANN","3N"
"ASOFFER","4N"
"ASPEED","1N"
"ASPERBERG","2R"
"ASTALEY","3N"
"ASTONE","3N"
"ASUNDAL","3N"
"ASZUMLAS","4N"
"ATANIGUCHI","3R"
"ATCARLSON","2R"
"ATEETS","1R"
"ATEREPOCKI","1N"
"ATHORNTON","3N"
"ATIMMONS","2R"
"ATITUS","3N"
"AVANDERWOUDE","2N"
"AVANSLYKE","1R"
"AVASEY","3N"
"AVISSER","3N"
"AVOORHEES","1R"
"AVUONG","2R"
"AWAGGENER","3H"
"AWARMUTH","1R"
"AWFRANK","4N"
"AWICKELL","4N"
"AWICKS","3N"
"AWMARK","2R"
"AWNELSON","1R"
"AWOLLMAN","2N"
"AWOMACK","4N"
"AWOODS","3R"
"AWROLSON","2N"
"AYU","2R"
"AZAPPAS","2R"
"AZAVIDOW","2N"
"AZEIF","1R"
"BADAMS","1R"
"BADAVIS","3N"
"BBAIL","1R"
"BBALBAG","2R"
"BBASILIO","1R"
"BBATES","4N"
"BBAYLISS","2R"
"BBEAVERS","2R"
"BBECKER","1R"
"BBLICKENSTAFF","1R"
"BBMOORE","4H"
"BBOYCE","1R"
"BBRASHEAR","3N"
"BBUGERT","1R"
"BBURKHART","4R"
"BCARPENTER","2N"
"BCHODAR","1R"
"BCLINE","4N"
"BCOFFEY","3N"
"BCOHN","2R"
"BCOLE","1R"
"BCORNATZER","3R"
"BCROBERTS","4N"
"BDAVIDSON","3N"
"BDEGNER","3N"
"BDEVILBISS","4G"
"BDIERKER","4N"
"BDOUGLAS","4N"
"BDOUGLASS","4N"
"BDUNCAN","4N"
"BDUNLEAVY","3N"
"BEDDY","4N"
"BEGGERS","4N"
"BEGRAVES","4N"
"BENCINAS","3H"
"BEPEL","3H"
"BFEENEY","4H"
"BFOLEY","1R"
"BFREEMAN","4N"
"BGREER","2R"
"BGUERTIN","4R"
"BHADLEY","4N"
"BHAMLIN","4G"
"BHART","4N"
"BHEYMAN","1R"
"BHODAPP","4N"
"BHOLE","4R"
"BHULET","3N"
"BHUNTER","1R"
"BJAMES","4N"
"BKERSEY","4N"
"BKI","2R"
"BKRICE","3R"
"BKWASNY","3N"
"BLEIGH","3N"
"BLEVIN","3N"
"BLHAVERKOST","3G"
"BLOWEN","1R"
"BMALKIN","1R"
"BMARCHANT","2G"
"BMBRYANT","3G"
"BMCCURDY","3N"
"BMCKAY","3H"
"BMCMANUS","4N"
"BMERKEL","3N"
"BMHAMMOND","4N"
"BMINGES","2G"
"BMOENNING","3N"
"BMORRISON","1R"
"BMSHAPIRO","4N"
"BMWOODS","4G"
"BNAKAMURA","2R"
"BOKEEFE","1N"
"BPEADEN","2R"
"BPTEMPLETON","4N"
"BRATAEZYK","1R"
"BRICHARDSON","4N"
"BROGERS","2R"
"BROSENBERG","2N"
"BSAMMS","4N"
"BSCHAU","4N"
"BSCHENCK","4N"
"BSCHLUEDERBERG","4N"
"BSCINTA","4N"
"BSKIRM","4G"
"BSNELL","3N"
"BSPENCER","3N"
"BSTANDLEE","1R"
"BSTEINHORN","1R"
"BSTIEVER","1R"
"BSULLIVAN","3H"
"BTAKAGI","4G"
"BTANGREN","2R"
"BTUREK","1R"
"BTWALKER","4G"
"BUNTEREKER","3R"
"BVANBAUSH","1R"
"BVAYNBERG","1R"
"BWALLIG","2R"
"BWEAGRAFF","4N"
"BWIEDENSMITH","1R"
"BWILBUR","4N"
"BWONDERLY","3R"
"BYOKOYAMA","1R"
"BYU","1N"
"CACHESON","1R"
"CAGRESTI","4N"
"CAMMONS","2R"
"CARBIOS","2R"
"CARCHER","3N"
"CASHER","2R"
"CATAYLOR","4N"
"CAUBRY","1R"
"CAULD","3H"
"CBARAJAS","2N"
"CBARROW","2R"
"CBAUGHMAN","3N"
"CBEERS","2G"
"CBEHL","1R"
"CBERGTHOLD","1N"
"CBLODGETT","1R"
"CBLUME","1R"
"CBOERSMA","4N"
"CBOGART","1R"
"CBOSSART","4G"
"CBOVARD","1R"
"CBOWER","4N"
"CBRENNAN","2H"
"CBRIA","3H"
"CBRINK","2N"
"CBROOKS","2G"
"CBRUTGER","3R"
"CBUCKLEY","2H"
"CBUETOW","4R"
"CBULLARDBERENT","1R"
"CBURCELL","3H"
"CBURNS","4N"
"CCBUTLER","3H"
"CCHAN","3H"
"CCHAPPELL","4N"
"CCHORNER","3G"
"CCLEVENGER","4N"
"CCOBERLY","2R"
"CCORSERJENSEN","3N"
"CCPETERSON","3N"
"CCRAIGHEAD","2H"
"CCRONIN","4N"
"CCRUZ","4N"
"CCWONG","1R"
"CDALY","1R"
"CDAVISAITKEN","4R"
"CDCOSTA","4H"
"CDICKERSON","4N"
"CDRAKE","3N"
"CDRIVER","2G"
"CDUENAS","2R"
"CDUGOVICH","2G"
"CDUNCAN","4N"
"CDUNN","3N"
"CDUVALL","2G"
"CDWALLACE","3N"
"CEIDSNESS","1R"
"CELY","3N"
"CEMASON","3N"
"CEWELLER","1R"
"CFAIDLEY","3N"
"CFARRY","1R"
"CFAULKNER","2N"
"CFITZGERRELL","1R"
"CFORD","4N"
"CFOX","1R"
"CFULLER","2R"
"CGALL","1R"
"CGEHRING","3N"
"CGILLESPIE","1R"
"CGOLDEN","3N"
"CGOODRICH","4N"
"CGROSSMANN","4R"
"CGUIGUET","3H"
"CGUNKEL","4H"
"CHALE","1R"
"CHARDMAN","3G"
"CHARKINS","3H"
"CHAUSER","2H"
"CHAWE","1R"
"CHAWES","4N"
"CHAYWOOD","3N"
"CHECK","2H"
"CHELLZEN","3N"
"CHENNEBERG","3R"
"CHENRY","1R"
"CHIXON","2H"
"CHMARTIN","3H"
"CHMOORE","3N"
"CHOLLAND","4N"
"CHUBERT","3N"
"CHUNZIKER","3G"
"CIRISH","1N"
"CJAMESCAMPBELL","4N"
"CJANOWICZ","3N"
"CJASPER","2N"
"CJBROOKS","4N"
"CJCAMPBELL","2R"
"CJCLARK","3G"
"CJENKS","1R"
"CJESSEN","3N"
"CKANDLER","3N"
"CKCRONIN","1R"
"CKELLER","4N"
"CKELLOUGH","2R"
"CKENT","4N"
"CKERSCH","4N"
"CKILLEN","3R"
"CKOACH","4N"
"CKOENIG","4N"
"CKRAMER","2G"
"CKUECHMANN","4R"
"CKUNTZ","3N"
"CLADNER","2R"
"CLANGFORD","4H"
"CLAUTH","1R"
"CLEE","2R"
"CLEE4","4N"
"CLEMAR","2N"
"CLENNON","2R"
"CLEVY","2R"
"CLGILBERT","2R"
"CLTHOMPSON","1R"
"CLUICH","2R"
"CLUNDMARK","3N"
"CLWWILLIAMS","1R"
"CLYNCH","1R"
"CMACDONALD","3H"
"CMARKS","2N"
"CMARSH","1R"
"CMARTIN","3N"
"CMATHEWS","1R"
"CMCCLURE","4H"
"CMCGEE","1R"
"CMCGRANE","3N"
"CMCGUIRE","4N"
"CMDONNELLY","4N"
"CMEANS","1R"
"CMETZ","1R"
"CMILLER","2R"
"CMILTENBERGER","4N"
"CMITCHELL","3G"
"CMONK","3N"
"CMOORE","2N"
"CMROY","4N"
"CMTHOMPSON","4N"
"CNAKANO","4H"
"CNARDIEWARNER","2N"
"CNOVAK","2N"
"COLDEWAGE","4G"
"COLSON","2R"
"CORTIZ","1R"
"CPACE","2R"
"CPERRY","2G"
"CPETROSAKUMA","4N"
"CPHILLIPS","1R"
"CPIERCEWRIGHT","2N"
"CPINHO","3N"
"CPITZER","3H"
"CPROBERTSON","2N"
"CRAGSDALE","4N"
"CRLARSON","4N"
"CROBINSON","3N"
"CRSHAW","3N"
"CRSULLIVAN","4G"
"CSALTHOUSE","1R"
"CSAMPLE","4N"
"CSANDE","4H"
"CSCHAFFER","1R"
"CSCHOONMAKER","4N"
"CSCOFIELD","1R"
"CSEIBERT","4H"
"CSHAW","2N"
"CSHISHIDO","4N"
"CSMOOT","2N"
"CSNGUYEN","2R"
"CSOUKUP","2R"
"CSSTEWART","1R"
"CSTOTTLEMYER","1R"
"CSTOVER","4N"
"CSUBIA","2G"
"CSUTPHEN","3H"
"CTACDERAS","1R"
"CTAGGART","3N"
"CTAMAYO","2H"
"CTERRILL","4N"
"CTMCCARTHY","3N"
"CTRAPP","1R"
"CVANBRUGGEN","1R"
"CVANPATTEN","2R"
"CVEENSTRA","1R"
"CWALL","1R"
"CWALNY","1R"
"CWEISENSEE","2R"
"CWENTROSS","1N"
"CWHARTON","2R"
"CWHITLATCH","4H"
"CWIGGINS","1N"
"CWLARSON","2G"
"CWONG","3G"
"CWOOLHISER","2N"
"CWU","2R"
"CWULFF","1R"
"CZUCKERMAN","1R"
"DABERG","1R"
"DACHEAMPONG","3R"
"DACTOR","1R"
"DADLER","4N"
"DAHLVIN","3H"
"DASIMON","4N"
"DASTEWART","4N"
"DBERGSTRAND","1R"
"DBGORDON","2N"
"DBOND","1R"
"DBROTEMARKLE","3H"
"DBROWN","2R"
"DBURGE","3R"
"DBURT","1R"
"DBWHITE","1R"
"DCHAVEZ","3N"
"DCHRETAIN","4H"
"DCLARKE","1R"
"DCOHN","3R"
"DCONKLING","4N"
"DCORONADO","2H"
"DCOYNE","3R"
"DCSMITH","1R"
"DDAMONTE","4N"
"DDAVIS","4H"
"DDDAMONTE","1R"
"DDELLAMURA","2N"
"DDELVECCHIO","3N"
"DDEUPREY","3R"
"DEGENHOFF","3N"
"DELICH","1R"
"DFBLACK","3N"
"DFIELDS","1R"
"DFOBRIEN","3N"
"DFRANK","4H"
"DFREIDMAN","2R"
"DGIBSON","2N"
"DGOODRICH","4H"
"DGOSSELIN","3N"
"DGOULET","3N"
"DGPENDLETON","1R"
"DGULUGIANTAYLOR","3N"
"DHAIGHT","2R"
"DHAMILTON","1R"
"DHART","4H"
"DHATCH","3H"
"DHORSLEY","2N"
"DHUFFMAN","4N"
"DKAHN","2H"
"DKALLOWAY","1R"
"DKAUFLIN","3N"
"DKNUDSEN","4N"
"DKUHN","2G"
"DLEE","3N"
"DLEEDY","4N"
"DLEV","4N"
"DLEVIN","1R"
"DLONG","2N"
"DLROSS","1R"
"DMAIJALA","2R"
"DMALIKIE","4N"
"DMARIA","4N"
"DMARTIN","4N"
"DMASSOTH","3N"
"DMAY","1R"
"DMCCRANEY","1R"
"DMCGINNIS","3G"
"DMILNER","1R"
"DMOYER","4N"
"DMSHANNON","3N"
"DPARECKI","1R"
"DPENDLETON","2R"
"DPOULSEN","4N"
"DRAIKE","3N"
"DRAINWATER","2R"
"DRCOX","3G"
"DREIF","1R"
"DRESNIK","2G"
"DREYES","2G"
"DRINEHART","4N"
"DRLONG","3N"
"DROSENGRANT","1R"
"DRUHLE","1R"
"DRYAN","1R"
"DSANDERS","2N"
"DSEALEY","2R"
"DSHERPA","3R"
"DSHIFTON","4N"
"DSHIPLEY","4N"
"DSKOLNIK","2G"
"DSLAWSON","4H"
"DSTOOT","2G"
"DTANDERSON","4H"
"DTESHIMA","1R"
"DTHIRLBY","2G"
"DTVEITE","3N"
"DVKELLEY","2N"
"DVLAUTIN","3N"
"DWALLIS","3N"
"DWATSON","1R"
"DWEST","2R"
"DWETHERBEE","1R"
"DWIEST","2G"
"DWILSON","1N"
"DWMILLER","2R"
"DWOHL","3G"
"DWOLF","4H"
"DWOODWARD","4N"
"DWOODWORTH","3N"
"DWU","4N"
"DYOUNG","3N"
"DZILLGITT","1R"
"EAMONTGOMERY","4H"
"EAOLSEN","4H"
"EARNOLD","1R"
"EASMITH","4R"
"EAYERS","2N"
"EBALLANTINE","2G"
"EBARBER","1R"
"EBORTON","4N"
"EBRYANT","3R"
"EBURNFIELD","2H"
"EBUTT","4N"
"EBYERS","3R"
"ECARD","2G"
"ECHIBA","1R"
"ECHU","2H"
"ECOHEN","4N"
"ECOLGAN","2G"
"ECOOPER","2R"
"ECOUCH","3N"
"ECOX","1N"
"ECROCE","3N"
"ECUSHING","2R"
"ECUTHBERTSON","4N"
"ECWHITE","4N"
"EDAHL","2H"
"EDATLOF","1R"
"EDELACORTE","4G"
"EDEVINE","4N"
"EDOLLIVER","2N"
"EDORAN","4N"
"EECKLES","3H"
"EEGBERUARE","1R"
"EEXTER","1R"
"EFEI","4H"
"EFERRY","3N"
"EFINGER","2R"
"EFRONCEK","2H"
"EFSTRAIT","4N"
"EGIBSON","2R"
"EGLASS","3N"
"EGORDON","4N"
"EGRAY","2R"
"EGREENE","1R"
"EGREENFIELD","3N"
"EGREENWELL","1R"
"EGRIFFITHS","2H"
"EHAESSLER","4G"
"EHAGE","2N"
"EHANN","3N"
"EHEARST","4N"
"EHENRIKSEN","2N"
"EHERR","4H"
"EHOSHIBATA","2R"
"EHTAYLOR","4N"
"EHUGHES","1R"
"EILIFF","3R"
"EINGLE","2R"
"EJARECKI","1R"
"EJOHNSTON","1R"
"EJOLLY","2H"
"EJSNYDER","2N"
"EJUDY","3N"
"EKAHLER","4G"
"EKELSEY","4N"
"EKIESLER","4N"
"EKIMERER","3R"
"EKIRSCH","2R"
"EKLOPFER","4H"
"EKMCLAUGHLIN","3N"
"EKOBBE","4N"
"EKPERCIVAL","3N"
"EKRIEGER","3H"
"EKSMITH2","4H"
"ELANDECK","3R"
"ELANIGAN","3G"
"ELAPIER","3R"
"ELARGENT","4H"
"ELARKIN","2R"
"ELAUKKANEN","2R"
"ELAURIE","1R"
"ELAYBOURN","4G"
"ELEE","2H"
"ELEONG","1R"
"ELEVANDOWSKI","2R"
"ELEVENTER","2R"
"ELONE","4R"
"EMACAFEE","3N"
"EMARTINIS","4H"
"EMCHEN","1R"
"EMCOHEN","2G"
"EMEINIG","2R"
"EMERCER","3N"
"EMINTZ","3R"
"EMLEWIS","3R"
"EMNEWTON","3N"
"EMROSS","3N"
"EMULLIGAN","4G"
"EMURDOCK","4N"
"ENWARD","3N"
"EPARK","1R"
"EPARKER","1R"
"EPARR","3R"
"EPAULSON","2R"
"EPEARSON","1R"
"EPEDERSEN","3N"
"EPEIRSON","4N"
"EPETROFSKY","4H"
"EPINNOW","3G"
"EPRANG","1R"
"EPRECHT","3N"
"ERITCHIE","3N"
"EROSEN","3G"
"ESAWYER","1R"
"ESCHEURER","4H"
"ESTAHL","4N"
"ESTEPHENSON","4R"
"ESTRICHARTZ","1R"
"ESTRONG","2R"
"ESWISHER","2R"
"ETATSUNO","1R"
"ETHIER","1R"
"ETRIBBLE","2G"
"EUEBELACKER","1R"
"EVARGAS","2N"
"EVELING","2G"
"EVERDUSCO","3N"
"EVETTER","3N"
"EWALDRON","4N"
"EWANDERSON","4N"
"EWASIK","4N"
"EWIECKI","3R"
"EWOFCY","3G"
"EWOLFE","1R"
"EWONDRA","2R"
"EWOOTEN","2N"
"EWRENN","2R"
"EWSTYNER","1R"
"EYTTERBERG","1R"
"EZAMMARELLI","2R"
"EZHANG","2G"
"FALLEN","4N"
"FBARKER","1R"
"FBEUTEL","2N"
"FBOYLE","2R"
"FCORRALES","2R"
"FFARRAR","2R"
"FGILMAN","3N"
"FGORNICK","4N"
"FHILL","3G"
"FMBROWN","3R"
"FMOGANNAM","2R"
"FODONNELL","4N"
"FREYNOLDS","3H"
"FRUMI","4N"
"FSPEETJENS","4N"
"FSTUCKY","1R"
"GABEL","1R"
"GAMILLER","2H"
"GANDREWS","1R"
"GBAGLEY","2G"
"GBAILEY","4G"
"GBEAUDRY","1R"
"GBOKUNIEWICZ","1R"
"GBURRIS","4G"
"GCILENTO","4N"
"GCOHEN","1R"
"GDATT","1R"
"GDEITZ","3N"
"GDYER","3N"
"GFREEMAN","3R"
"GGENTLING","4N"
"GGORENCE","1R"
"GGRABELSANDER","1R"
"GGRISSETTE","2R"
"GHANSON","4R"
"GHEILMAN","4N"
"GHEWEY","1R"
"GHOTCHKISS","3H"
"GKIRCHMEIER","4N"
"GKIRKPATRICK","2N"
"GKLAG","4N"
"GKOSSERT","2G"
"GKRONE","2R"
"GLANIER","2R"
"GLEGGETT","2N"
"GLEGRAND","3R"
"GLINDQUIST","3N"
"GLOWRIE","2N"
"GMAXWELL","1R"
"GMBELL","3N"
"GMERRELL","4N"
"GMURPHY","1R"
"GNELSON","4N"
"GNIELSEN","1R"
"GPALMER","4N"
"GRATZLOFF","3G"
"GREID","1R"
"GRINGOLD","2G"
"GROBBE","2H"
"GSAETRUM","4N"
"GSCARSELLA","2R"
"GSHIELDS","3H"
"GSYLVAN","2R"
"GTHOMAS","3H"
"GTHORNTON","1R"
"GTZODIKOV","2R"
"GVILLARREALLOPEZ","3N"
"HACETO","3N"
"HADAMS","3N"
"HAJONES","2G"
"HBARTLETT","1R"
"HBATEMAN","2R"
"HBENNETT","1R"
"HBISKIND","1R"
"HBMILLER","3N"
"HCARR","4N"
"HCDAVIS","2R"
"HCHASE","1R"
"HCONYERS","1R"
"HCRICE","3N"
"HDIAMOND","1R"
"HDULIN","2R"
"HFORD","4G"
"HFUNK","1R"
"HGERETY","3H"
"HHAMLIN","1R"
"HHARTMAN","3R"
"HHONGO","3R"
"HHOOGLAND","2N"
"HHORSFALL","3N"
"HILIC","4N"
"HJACOBSEN","4N"
"HJACOBSON","4N"
"HJENKINS","2G"
"HKORNBRATH","1R"
"HKREGLING","2G"
"HKREISS","4N"
"HLINDSLEY","1R"
"HMARTONIK","1R"
"HMATTILA","2N"
"HMCALKINS","3N"
"HMCCORMICK","1R"
"HMESHENUK","2G"
"HNICHOLES","4N"
"HNOYES","3N"
"HOPPENHEIMER","3N"
"HRATNER","2N"
"HRJOHNSON","1R"
"HROBERTS","3H"
"HROGERS","2N"
"HSAPP","3N"
"HSCHNEIDERLYNCH","2R"
"HSHAFFER","1R"
"HSHEARS","2R"
"HSTEVENS","4N"
"HVERNON","1R"
"HWALKER","3R"
"HYU","2R"
"HZIMMERMAN","2N"
"IANDOV","4N"
"IANDREWS","4N"
"IBLUM","4N"
"ICARPENTER","1R"
"ICHIOSSO","2H"
"ICHIRINOS","2N"
"ICRUCES","1R"
"IDATTA","4N"
"IDUPONT","3N"
"IELLIS","2G"
"IEYRE","2R"
"IFLOOD","3N"
"IGOWING","3H"
"IGREENFIELD","3H"
"IHUNT","1R"
"IJAMES","4R"
"IJARAY","4H"
"IKAGAN","4R"
"ILEWIN","2N"
"ILIBBY","1R"
"ISAARMAN","4N"
"ISCHMUCKER","4N"
"ISOKOL","1R"
"ISOLVANG","1R"
"ISTEWART","2R"
"IZIEMBA","3G"
"JACOLE","4R"
"JAGOLDMAN","4N"
"JALANE","3N"
"JAMMONS","4N"
"JAMURRAY","1R"
"JANNHARRIS","4N"
"JANTON","2R"
"JAPEARSON","4N"
"JAPELE","1R"
"JARENDS","3N"
"JASHLEYJENSEN","3H"
"JBAARS","2R"
"JBABA","1R"
"JBABER","4N"
"JBACON","2R"
"JBAGBY","1R"
"JBALDRIDGE","2H"
"JBALICH","3N"
"JBALOUN","4N"
"JBARON","4N"
"JBARRON","2R"
"JBAXTER","4N"
"JBERENBEIM","4N"
"JBERMAN","4G"
"JBERTIN","2R"
"JBISBEE","1R"
"JBITETTO","4N"
"JBOCK","1R"
"JBOEKELOO","4N"
"JBORNSTEIN","2N"
"JBORODIC","4G"
"JBRADLEY","2N"
"JBRAHE","3R"
"JBREMOND","3N"
"JBROADBENT","1R"
"JBSIMMONS","4N"
"JBUENDIA","2R"
"JCAFFERTY","2G"
"JCARELLI","3N"
"JCHARVEY","4H"
"JCHEEVER","3N"
"JCIARABELLINI","4N"
"JCKATZ","1R"
"JCLARK","4N"
"JCOLEMAN","2H"
"JCOLON","3N"
"JCORNELL","1R"
"JCORRIGAN","2R"
"JCOSTA","1R"
"JCROOT","3H"
"JCROSS2","4N"
"JCURIEL","4N"
"JCYOUNG","3N"
"JDENEKAS","2R"
"JDERKSEN","1R"
"JDESPOT","2H"
"JDROBERTS","4N"
"JDSHERMAN","4N"
"JDYOUNG","1R"
"JEBARBER","4N"
"JECALKINS","2N"
"JEHLI","4H"
"JEIKENHORST","4H"
"JELAM","2N"
"JEMILLER","2N"
"JEMOSS","4N"
"JENDICOTT","4N"
"JERICKSON","1R"
"JERINDAVIS","1R"
"JEROBERTS","2R"
"JESCHUMACHER","3N"
"JFARDELL","3G"
"JFAULKNER","4H"
"JFECHTEL","3R"
"JFITCH","3H"
"JFLANDERS","1R"
"JFLEDBETTER","4H"
"JFLETCHER","2N"
"JFOSTER","4N"
"JFRANK","4N"
"JFRED","4N"
"JFREE","4N"
"JGAHAN","1N"
"JGAINES","2R"
"JGALLAGHER","3N"
"JGARDINER","3H"
"JGAUGER","1R"
"JGFROST","3R"
"JGLOVINSKY","4N"
"JGOLDES","2H"
"JGRANVILLE","3R"
"JGREINER","1R"
"JGWINNER","1R"
"JHAFNER","4R"
"JHAGERUP","2R"
"JHAMBURGER","3N"
"JHANVY","4N"
"JHANWAY","4R"
"JHARPER","1R"
"JHARRIS","2R"
"JHARUYAMA","4G"
"JHERNANDEZ","1R"
"JHERZEN","2R"
"JHILL","2R"
"JHIRD","3N"
"JHLEE","4N"
"JHOANGNGUYEN","2N"
"JHODGE","3H"
"JHOLBROOK","1R"
"JHOLMES","1R"
"JHOSMER","4G"
"JHUA","1R"
"JHUDSON","4H"
"JHUGHES","1R"
"JHUM","1R"
"JHWELCH","4N"
"JIJOHNSON","4N"
"JIKARD","2R"
"JILACQUA","4H"
"JINGALLS","3G"
"JIVORY","3N"
"JIYO","3R"
"JJACOBI","2R"
"JJBOND","4N"
"JJERICKSON","1R"
"JJOHNSON","4N"
"JJRICK","1R"
"JJROSS","4N"
"JKANEMURA","3H"
"JKERSHNER","2R"
"JKNOWLES","4N"
"JKOWALSKI","3H"
"JKRENZER","1R"
"JKRONBERG","4N"
"JKRUPER","2R"
"JKUWADA","3R"
"JLANE","2N"
"JLAZUR","2R"
"JLEE","3R"
"JLEVIEN","4N"
"JLINDEKE","2N"
"JLINKS","1R"
"JLKNIGHT","4N"
"JLMILLER","1R"
"JLOMEO","1R"
"JLOUIE","4H"
"JLRUSSELL","4N"
"JLUMUMBA","4N"
"JLUU","2H"
"JLYNCH","4N"
"JMARCELLA","2N"
"JMARX","3H"
"JMATHES","1R"
"JMAXWELL","4N"
"JMAXWELLROBERTS","1R"
"JMCDANIEL","2R"
"JMCFADDEN","4H"
"JMCGOVERN","4N"
"JMCKAY","2G"
"JMCONLEY","4N"
"JMELTON","4N"
"JMERRILL","2R"
"JMERRION","3N"
"JMEVANS","1R"
"JMILNER","1N"
"JMJENKINS","3N"
"JMOORE","1R"
"JMOULTON","2N"
"JMPOWELL","4G"
"JMRUDD","1R"
"JMUNTAL","1R"
"JMYERS","4N"
"JNAKAGAWA","1R"
"JNGUYEN","3N"
"JNHERRICK","2H"
"JNOHARA","3N"
"JNOREEN","1R"
"JNORTHRUP","2R"
"JNUSKE","2R"
"JOLMSTED","1R"
"JOPPENHEIMER","2G"
"JORR","2N"
"JPASCUA","2H"
"JPASCUCCI","4N"
"JPATNEAUDE","4H"
"JPATTON","2N"
"JPDAVIS3","4H"
"JPDAWSON","3N"
"JPELZ","2H"
"JPETERS","2G"
"JPINKNEY","4N"
"JPITTENGER","4N"
"JPLEE","3N"
"JPRENTICE","1R"
"JPSULLIVAN","4R"
"JPYLES","3R"
"JRAY","1R"
"JREDWARDS","4G"
"JREEL","3N"
"JREICHARD","3H"
"JRIBELLIA","1R"
"JRIFKIN","3N"
"JRIORDAN","2R"
"JROOD","1N"
"JROTH","3N"
"JROTHFUS","4G"
"JROZON","2N"
"JRRILEY","3G"
"JRUDDER","4N"
"JRWILLIAMS","4N"
"JSACASAS","4R"
"JSAGE","4H"
"JSANDERSON","4N"
"JSANFORD","1R"
"JSARNACKI","3G"
"JSCARSELLA","3G"
"JSCHMIDTLEIN","1R"
"JSCHMITZ","4N"
"JSEIBERT","3G"
"JSENKYRIK","3N"
"JSERATT","4N"
"JSHAHN","4N"
"JSHAPIRO","4N"
"JSHARRIS","4N"
"JSHIARELLA","1R"
"JSOBOTKA","3N"
"JSOLANO","4N"
"JSPEVAK","1R"
"JSTEVENS","1R"
"JSTOLTZFUS","2N"
"JSUTHERLAND","2N"
"JSWILSON","2N"
"JSWINSON","2R"
"JSWORD","3G"
"JTATE","3N"
"JTEMPKIN","2R"
"JTHOM","3N"
"JTHOMAS","2H"
"JTHURSTON","4N"
"JTICE","3N"
"JTNG","3N"
"JTOLLEFSON","3G"
"JTRIPLETT","3N"
"JTROLLMAN","2R"
"JTSUKAMAKI","4H"
"JTUTTLE","3H"
"JUSLAN","3H"
"JVANAMBURG","3R"
"JVANDEVEN","2N"
"JVOLKMAN","3N"
"JVROOMEN","2G"
"JWASAN","1R"
"JWATANABE","4N"
"JWEBER","2R"
"JWENDEL","4N"
"JWESSEL","3R"
"JWILCOX","1R"
"JWILLIS","2H"
"JWINEMAN","1R"
"JWINOGRAD","1R"
"JWITOUS","1R"
"JWOOLLEY","3G"
"JWROBEL","4N"
"JYETTKE","4N"
"JYOUNG","2R"
"JZAHARCHUK","2R"
"KABEL","4N"
"KACHKIO","4N"
"KACOX","3N"
"KAJONES2","4N"
"KALBASIEL","1R"
"KANDERSEN","2N"
"KARNOLD","2R"
"KARYAN","3R"
"KASHAW","4H"
"KAWILLIAMS","4N"
"KBACON","3G"
"KBARAN","2N"
"KBARBEE","2R"
"KBARNES","1R"
"KBARTON","3H"
"KBCRANE","1R"
"KBECHTOLD","4N"
"KBECVARIK","4R"
"KBEDNARK","1R"
"KBEHR","4H"
"KBENSON","2N"
"KBERRY","4N"
"KBHOWARD","4H"
"KBILLINGTON","1R"
"KBJELLAND","3N"
"KBLOCKER","1N"
"KBLOEMSMA","3N"
"KBOHM","1R"
"KBOLLINGER","2R"
"KBOORTZ","2N"
"KBOWTON","3N"
"KBREED","4N"
"KBREEN","2R"
"KBREIDENBACH","3N"
"KBRITAIN","1R"
"KBUCKLEY","3R"
"KBURGOTT","3N"
"KBURTON","3H"
"KBUTLER","2R"
"KCARLETON","4N"
"KCASSIO","3N"
"KCASTILLO","4R"
"KCDAVIS","2G"
"KCHAMBERS","2R"
"KCHAN","1R"
"KCHASE","4N"
"KCHUSTON","3G"
"KCLEWIS","1R"
"KCORREA","2R"
"KCOWANSTUCKY","3N"
"KCPRYOR","3G"
"KCURLETT","2N"
"KDANIELS","4N"
"KDARLINGTON","4N"
"KDEA","2H"
"KDEHART","4N"
"KDEININGER","1R"
"KDELBUCO","1R"
"KDELWICHE","2R"
"KDILLMCFARLAND","2R"
"KDISNEY","2R"
"KDJOHNSON","4N"
"KDKNOWLES","4G"
"KDMORRILL","4N"
"KDOWNS","4N"
"KDRUMMOND","3N"
"KDUNCAN","4N"
"KDUNHAM","2N"
"KDURKEE","3N"
"KDUTRA","1N"
"KEBELING","4N"
"KEBERLE","2R"
"KEBROWN","2R"
"KEGERDAL","2R"
"KEHOFFMAN","4N"
"KEISATO","4H"
"KELANE","4N"
"KELDRIDGE","2R"
"KELDRIDGEJOHNSON","1N"
"KELEE","2N"
"KELIZONDO","2N"
"KEMORGAN2","4G"
"KEPARKER","2N"
"KERWIN","3N"
"KEVANS","3N"
"KFAGAN","3N"
"KFARRINGTON","1R"
"KFLEMING","2R"
"KFOREST","3N"
"KFOSTER","1R"
"KFOX","3R"
"KFRASCA","4H"
"KFRENCH","2N"
"KFREYER","3N"
"KFRIEDELL","1R"
"KGARRETT","3N"
"KGERACIE","3N"
"KGERRITS","1R"
"KGHIGA","2R"
"KGRAVELLE","1R"
"KGUYER","3R"
"KHALL","1R"
"KHAMACHEK","3H"
"KHAMAR","4N"
"KHAVLIK","2R"
"KHAYS","1R"
"KHEDRICK","4N"
"KHELLEN","1R"
"KHENRY","4N"
"KHERMENS","2G"
"KHETLAND","4N"
"KHETTMAN","3N"
"KHEUSINKVELD","3G"
"KHGORSUCH","2G"
"KHICKMAN","2R"
"KHISE","4N"
"KHO","1R"
"KHUIZINGA","3R"
"KHUSS","3R"
"KHUTH","1R"
"KIMPHAM","1R"
"KIRINGAN","3N"
"KISHII","4N"
"KJACK","1R"
"KJOSEPH","4N"
"KJWRIGHT","3N"
"KKAIRIS","4H"
"KKALANZ","4G"
"KKAMPHAUS","3G"
"KKEARNEY","3N"
"KKETCHUM","3H"
"KKGREENE","4N"
"KKIEFER","1R"
"KKINE","2R"
"KKITSON","1R"
"KKUBOKAWA","4N"
"KKURISU","3R"
"KKWILPONEJORDAN","4H"
"KLAMAR","4H"
"KLANGE","2N"
"KLEBBY","2G"
"KLFERGUSON","4G"
"KLIND","4R"
"KLMORRIS","1R"
"KLOGAN","4N"
"KLOKER","2R"
"KLUNDGREN","4N"
"KLUNDH","3R"
"KMAHLER","1R"
"KMARIEROBERTS","3N"
"KMATSUNAGA","2G"
"KMBERRY","3N"
"KMCCARRON","3N"
"KMCCORNACK","1R"
"KMCHAPMAN","4N"
"KMCWHORTER","2R"
"KMHANSEN","2G"
"KMJONES","1R"
"KMMCMILLAN","3N"
"KMNELSON","2R"
"KMORAN","2R"
"KMORRISON","3N"
"KMROBERTS","4N"
"KMTHOMPSON","1R"
"KMUELLER","2R"
"KMURDOCK","1R"
"KMWRIGHT","3N"
"KNGUYEN","4N"
"KNILSSONGORMAN","2R"
"KNUNES","2R"
"KNUSS","1R"
"KOBRIEN","1R"
"KPAGARIGAN","3H"
"KPAVLAT","3H"
"KPHAM","4N"
"KPOWERS","2H"
"KPRETESKA","4N"
"KPUCKETT","2N"
"KPURDY","1R"
"KQUAM","4H"
"KRADER","4N"
"KREGAN","2R"
"KRICHARDS","3G"
"KRICKS","3N"
"KRIEDEL","4N"
"KRODELL","1R"
"KROTHENBUELER","1R"
"KRPARKER","2R"
"KRSCHNEIDER","3N"
"KRUSCA","4N"
"KRUZICH","4N"
"KSANFORD","2N"
"KSAYAVONG","4R"
"KSCANLAN","4N"
"KSCHLESINGER","4N"
"KSCHWEITZER","1R"
"KSCHWEND","2N"
"KSCRIVNER","3N"
"KSEIDEL","4G"
"KSHAWMEADOW","1R"
"KSHEELER","3R"
"KSHELTON","1R"
"KSHINTAKU","3N"
"KSIMEON","3R"
"KSLATTON","1R"
"KSLEEPER","1R"
"KSODELL","4N"
"KSOUZA","3R"
"KSTARR","4R"
"KSTEARNS","3N"
"KSTEEDMAN","3N"
"KSTINDE","3N"
"KSTROH","4N"
"KSUMIDA","3N"
"KTAGGART","3R"
"KTAM","2R"
"KTHACKRAY","2R"
"KTIMIAN","3N"
"KTMILLER","3H"
"KTNGUYEN","2N"
"KTOPOUSIS","1R"
"KTRINH","3N"
"KTURCOTTE","4R"
"KTUTEUR","2R"
"KVASQUEZ","2R"
"KVISSER","1R"
"KVSTOCK","3G"
"KWAKAMATSU","2R"
"KWALTON","2R"
"KWATKINS","4N"
"KWEISS","1R"
"KWENGER","3N"
"KWHEELER","2N"
"KWHITE","2N"
"KWIDERGREN","2R"
"KWILBURN","2R"
"KWILLCOCKSON","4H"
"KWISEMAN","3N"
"KWMOORE","3H"
"KWOLFER","3N"
"KWYMAN","2H"
"KYAKUMA","1R"
"KZSTONE","3N"
"LADIAZ","1R"
"LAKONI","3G"
"LALEXANDER","2R"
"LALFRED","2G"
"LAMOORE","3N"
"LANDERSEN","4N"
"LARMSTRONG","3H"
"LBAGBY","4G"
"LBARRICK","4N"
"LBARROWS","1R"
"LBIGLER","2R"
"LBIRD","2N"
"LBOLTE","4N"
"LBORSTEN","3N"
"LCALCAGNI","3N"
"LCAMPUS","3R"
"LCAREY","2N"
"LCEDERBERG","3R"
"LCHIANG","4N"
"LCJOHANSEN","4N"
"LCOE","3N"
"LDARLINGTON","1R"
"LDELLHEIM","1R"
"LDEMOPULOS","2R"
"LDENMAN","3G"
"LDERR","2R"
"LDWONG","2N"
"LEBROWN2","4H"
"LELLING","4N"
"LELLINGSON","4N"
"LERSKINE","1R"
"LETHEREDGE","4H"
"LEVENSEN","4R"
"LFANDERSON","2R"
"LFAZZINO","1R"
"LFELL","3N"
"LFLATT","3H"
"LFOSTER","4N"
"LFRANKLIN","2R"
"LFRASER","4N"
"LFRIES","3R"
"LFTHOMAS","3N"
"LFUSON","1R"
"LGRANILLO","4N"
"LGRISWOLD","2H"
"LHALSCH","3N"
"LHAMMOND","1R"
"LHAYS","4N"
"LHIRSCHL","3N"
"LHOENEMEYER","4N"
"LHOLLISTER","2R"
"LHUANG","2R"
"LINGALDSON","2G"
"LIVEY","4H"
"LJACOBSON","4N"
"LJCOOK","3N"
"LJESPERSON","1R"
"LJPERKINS","3N"
"LJSIMMONS","2G"
"LJTHOMPSON","4N"
"LJUSTICE","4N"
"LKASHIWASE","3R"
"LKASTER","4N"
"LKEELER","4N"
"LKIMURA","4N"
"LKLEINE","3N"
"LKOEBNICK","3N"
"LKOSMICKI","2R"
"LKRUESEL","3N"
"LKSMITH","2R"
"LLASSWELL","2R"
"LLEVITON","4N"
"LLUCE","4H"
"LLUONG","3R"
"LLYNNFOSTER","3N"
"LMADDEN","2N"
"LMARSTERS","2G"
"LMAZYCK","1R"
"LMCMULLEN","2N"
"LMCQUAY","2G"
"LMFISHER","4N"
"LMIDDLETON","3R"
"LMILAM","2H"
"LMNICHOLS","4N"
"LMOSHER","3N"
"LMOUAT","4N"
"LMWARREN","4R"
"LOBRIEN","4N"
"LOHBA","3H"
"LPACHECO","1R"
"LPARDEN","3N"
"LPARKER","2H"
"LPEARCE","4N"
"LPETERSON","4N"
"LPHOFFMAN","4G"
"LPOLLOCK","4N"
"LPORTILLO","4H"
"LPOTTER","2N"
"LQUAM","2N"
"LRANDALLMYERS","3R"
"LREIMERS","2R"
"LRJANES","4N"
"LROLES","4G"
"LROOT","4N"
"LROSEN","4N"
"LSAECHANG","3N"
"LSAKIN","1R"
"LSANFORD","2R"
"LSCHWARTZ","3N"
"LSCHWARTZEL","3N"
"LSIBBET","4H"
"LSPADONI","4N"
"LSTANLEY","2H"
"LSTILLMAN","1R"
"LSTRATTON","3N"
"LSTROUD","4H"
"LSUMIDA","4N"
"LTASAKI","4N"
"LTHEOFELIS","3N"
"LVANDENBERG","2N"
"LVANDERVOORT","1R"
"LVENDL","2H"
"LWALLACE","4H"
"LWATTS","3R"
"LWEIL","2G"
"LWHITAKER","3H"
"LWINTERBERGER","1R"
"LWISDOM","2R"
"LZETTLERMANN","3N"
"MABELLANIDA","3N"
"MABEYTA","4R"
"MACHAMBERS","1R"
"MADARROW","1R"
"MADELSON","1R"
"MAHLRICHS","4N"
"MAKNOTTINGHAM","2N"
"MALAWRENCE","3N"
"MAPHILLIPS","2G"
"MARCHEY","3N"
"MBALLERIA","2R"
"MBECHTEL","3H"
"MBELT","4N"
"MBEMAN","4N"
"MBENAS","3N"
"MBLAIN","4N"
"MBONI","4N"
"MBOQUIST","4H"
"MBORDEAUX","4N"
"MBRADY","1R"
"MBRENNEMAN","1R"
"MBRILLANTES","1R"
"MBROOKS","4H"
"MBROWNMILLER","3N"
"MBURGMULLER","3N"
"MBURRIS","3N"
"MCAIN","4N"
"MCALHOUN","3R"
"MCARTER","1R"
"MCBASSETT","4N"
"MCHEN","1R"
"MCHUNVANOSDOL","3R"
"MCJONES","4N"
"MCKLEE","1R"
"MCLEWIS","2R"
"MCOKE","2N"
"MCOLEMANCAMPBEL","2R"
"MCONRAD","4N"
"MCOOLEY","3N"
"MCOUGHLIN","1R"
"MCOURTNEY","1R"
"MCOWDERY","3G"
"MCOX","1R"
"MCSCHAEFER","2G"
"MCWOLFE","2G"
"MDARROW","4N"
"MDEANE","3G"
"MDELBRUECK","4G"
"MDONNER","3N"
"MDOOLEY","1R"
"MDOROUGH","4N"
"MDUBIN","4H"
"MDWORKIN","4N"
"MEBURKE","3N"
"MEDMARK","4N"
"MEGANNOYCE","3H"
"MEGORDON","3H"
"MEIDENSHINK","2G"
"MELLENJOHNSON","1R"
"MELM","2R"
"MENDO","2R"
"MEWATSON","4N"
"MEYOUNG","3H"
"MFABER","2R"
"MFAHEY","1R"
"MFALL","1R"
"MFANDERSEN","4G"
"MFARAGE","4N"
"MFARLEY","1R"
"MFERA","4N"
"MFILLINGER","4N"
"MFLEMING","4N"
"MFOOR","2N"
"MFREEMAN","1R"
"MFRIES","2R"
"MFRITTS","1R"
"MFUENTES","3N"
"MFURQUIM","4N"
"MGADDA","4N"
"MGAUPP","1R"
"MGETCHELL","3H"
"MGIBSON","3G"
"MGIUSTI","1R"
"MGLIKO","2N"
"MGREGORYLEDERER","3N"
"MHAFNER","2N"
"MHAMMER","1R"
"MHANSON","2R"
"MHARBAUGH","3N"
"MHARRIS","4N"
"MHAWTHORNE","2N"
"MHAZLEHURST","2R"
"MHECK","1R"
"MHEFLIN","2R"
"MHEISTAD","3R"
"MHEPPNER","3N"
"MHESTON","1R"
"MHILD","3N"
"MHILLER","3N"
"MHOLTZ","1R"
"MHONCH","1R"
"MHUGEL","3R"
"MHWATKINS","3N"
"MJANE","4N"
"MJANES","1R"
"MJBLAKE","2R"
"MJENSON","3N"
"MJSALTER","3R"
"MKABRICH","4N"
"MKAMIKAWA","2N"
"MKARL","3N"
"MKARLER","4N"
"MKASPER","2H"
"MKDAVIS","4N"
"MKENT","1R"
"MKETCHUM","2N"
"MKHARDY","1R"
"MKLEE","2R"
"MKNAPE","2R"
"MKNOTTINGHAM","4N"
"MKOENIG","4N"
"MKRAUSZER","1R"
"MKREMM","4N"
"MKREYNOLDS","2R"
"MKREZOWSKI","3N"
"MKTHOMAS","2H"
"MKWOCK","4N"
"MKYLE","3N"
"MLANDERSON","1R"
"MLBIXBY","2H"
"MLENKER","4N"
"MLETTIS","3R"
"MLEUNG","2N"
"MLEVESQUE","4H"
"MLEVETON","2N"
"MLHOPKINS","4N"
"MLMITCHELL","3N"
"MLODWICK","3N"
"MLUTHER","2R"
"MLYMANSMITH","1R"
"MMANZELLA","3G"
"MMAPLES","3N"
"MMARTIN","1R"
"MMATTSON","3N"
"MMAZE","4N"
"MMCBRIDE","2N"
"MMCCLOSKEY","1R"
"MMCDOUGALL","3N"
"MMCGEE","2R"
"MMILESCOCCARO","1R"
"MMILLIGAN","4H"
"MMITCHELL","2R"
"MMOELLER","4N"
"MMONTZKA","1R"
"MMORENO","2N"
"MMORGAN","2H"
"MMORTON","2R"
"MMSTARR","3N"
"MMUHR","3G"
"MMURPHY2","3N"
"MNELDAM","2G"
"MNEVILLE","3N"
"MNG","4N"
"MNICHOLS","2H"
"MNICOLJOHNSON","2R"
"MNICOLL","3N"
"MNORRIS","4N"
"MOATES","3N"
"MOBUHOFF","4H"
"MOK","4N"
"MONEIL","1R"
"MOSTERMICK","2R"
"MPALMER","1R"
"MPALOMO","4N"
"MPANNIER","3N"
"MPARSELL","1R"
"MPBAILEY","2H"
"MPERRY","3N"
"MPHILBROOK","4N"
"MPHILLIPS","3R"
"MPORTMAN","1R"
"MPRICE","1R"
"MPRIEST","4R"
"MRAMOS","3N"
"MRATLIFFE","3N"
"MRCLEVENGER","3R"
"MREDMON","3G"
"MREIFF","2R"
"MREITH","2N"
"MREYNOLDS","4H"
"MRHERNANDEZ","3H"
"MRIESEBRODT","2N"
"MRIGGS","2G"
"MRINGHAM","2R"
"MRKING2","4G"
"MROCKEY","3N"
"MROOSEN","4N"
"MRSMITH","3R"
"MRWILLIAMS","1R"
"MRYDER","2G"
"MRYEN","4R"
"MSAUNDERS","2R"
"MSCHAEFER","3N"
"MSCHIMANSKI","4N"
"MSCHRADER","4N"
"MSDELUNA","2N"
"MSEELY","4N"
"MSHAROFF","3R"
"MSHELTON","2N"
"MSHIVERS","4N"
"MSILLIMAN","2G"
"MSILVERSON","4N"
"MSJACKSON","4R"
"MSOKOVA","1R"
"MSOLOWAY","3N"
"MSPREEN","3N"
"MSTANOVSKY","3N"
"MSTERN","1R"
"MSTOCKHOFF","4G"
"MSTOLER","4N"
"MSTONE","1R"
"MSYKES","1R"
"MTANNER","4N"
"MTHIEL","3N"
"MTNGUYEN","1R"
"MTOYMIL","3N"
"MTROMBATORE","1R"
"MTSCHMIDT","2R"
"MTWEEDY","3N"
"MTWETEN","2N"
"MVARGA","1R"
"MVARGAS","1R"
"MVINCENT","1R"
"MVOLZ","1R"
"MWALKLEY","3N"
"MWARING","2N"
"MWARNER","1R"
"MWEBKING","4G"
"MWERHANE","2R"
"MWESTHELLE","3N"
"MWGALLAGHER","1R"
"MWHITCOMB","4G"
"MWHITSEL","1R"
"MWIEGAND","1R"
"MWINTERROWD","2G"
"MWOLSBORN","3N"
"MWOOD","2N"
"MYURKOV","1R"
"MZAVORTINK","1R"
"MZENCZAK","3N"
"NANAND","3N"
"NATKINSON","4N"
"NBANDUCCI","2R"
"NBEAUREGARD","1R"
"NBERKOWITZ","3R"
"NBOWENS","1R"
"NBREWER","3G"
"NBROD","3N"
"NBUGAJ","2G"
"NCALKINS","2N"
"NCOULTER","2R"
"NCRONENWETT","4H"
"NDARLOW","4H"
"NDEITEL","1R"
"NDEROSA","4N"
"NDIETRICH","3N"
"NEMITCHELL","3N"
"NEWRIGHT2","4N"
"NFRAIRE","1R"
"NFRAME","3R"
"NGERETY","4H"
"NGOLDSTEIN","3N"
"NGRAFF","4N"
"NHEYMAN","1R"
"NHO","1R"
"NHOLDEN","4N"
"NHWANG","3R"
"NJHARTMAN","2N"
"NJOHNSON","3G"
"NKELLER","2G"
"NKELLEY","1R"
"NKEVANS","1R"
"NLAFEMINA","4R"
"NLLEONARD","4G"
"NLOGAN","2R"
"NMACINTYRE","3R"
"NMARTENS","4N"
"NMARTIN","4H"
"NMONRO","2N"
"NMOORMAN","2R"
"NNADOLSKI","1R"
"NNAKAMINE","2R"
"NOLANGIAN","3N"
"NPANED","2R"
"NPARNELL","3H"
"NPERL","2G"
"NPRADO","4N"
"NPRESTON","3N"
"NQUTUB","4N"
"NREED","4N"
"NRFELDMAN","4N"
"NRIEGER","1R"
"NROMEIJNSTOUT","2R"
"NROOT","3N"
"NSCHLEICHER","4N"
"NSCHWALGE","2G"
"NSCHWARTZ","2H"
"NSCHWARZENBERGER","3H"
"NSEID","3N"
"NSHARPE","4R"
"NSHEPARD","3N"
"NSHERBURNE","4N"
"NSOPHIEA","2N"
"NSOUCEK","4N"
"NSPENCER","3R"
"NTHOMSON","2R"
"NTONAR","4N"
"NTROMBETTA","4N"
"NVANPUTTEN","4R"
"NVERICELLA","2R"
"NVISHWANATH","4H"
"NWACKER","3N"
"NWAHLUND","2R"
"NWALLEN","4H"
"NWOODRUFF","3N"
"OCONTRERAS","1R"
"ODAVIS","4N"
"OFALVEY","1R"
"OMARGOSHES","3N"
"ONAPIER","1R"
"ONEVILLE","4N"
"OTASAKAJUPP","3N"
"OWEITZ","1R"
"PAMAYA","1R"
"PBITTNER","3H"
"PCANTLIFFE","1R"
"PCASADOS","4N"
"PCELINO","3H"
"PCELLIER","1R"
"PCOLANTTI","1R"
"PCONLON","3R"
"PDOBLER","4N"
"PFROST","4H"
"PGRAHAM","1R"
"PHUGHES","4N"
"PJOHNSONFREYD","2H"
"PMARVINTHOMAS","3G"
"PMEMBRINO","1R"
"PMEVISSEN","2H"
"PMHUGHES","3N"
"PMOLSON","2R"
"PMUNSTERMAN","4N"
"PNELSON","1N"
"PNEW","4N"
"PNOLAN","4R"
"POTT","4H"
"POWENS","4N"
"PPHEND","4H"
"PREILLY","4N"
"PREITZ","3N"
"PRKING","3H"
"PRUSSELL","1R"
"PSAUNDERS","2N"
"PSHERLAND","2G"
"PSHINN","4N"
"PSIEGEL","4N"
"PSTANLEY","4N"
"PSTEVENSON","4N"
"PSTEWART","3N"
"PTLA","1R"
"PTOPOLSKI","1N"
"PTORRES","3N"
"PVERHAAR","1R"
"PVOLBERDING","4N"
"PWICKS","4N"
"PWOODWARD","2H"
"QHACKER","2N"
"QLEWINGTON","3N"
"QMOHLAR","2R"
"RALIMENT","3G"
"RANDERSON","3N"
"RATHOMPSON","4N"
"RAUTRAND","4N"
"RBAATZ","1R"
"RBIGELOW","4N"
"RBRASSEY","4G"
"RBROWER","1R"
"RBURKE","1R"
"RCARLEY","3N"
"RCARRINGTON","3R"
"RCHANDLER","2N"
"RDAVIS","1R"
"RDAWES","3G"
"RDELONG","4N"
"RDINKINS","2R"
"RDONAHUE","4N"
"RDUONG","4N"
"RELLIOTT","2R"
"REMEYER","4N"
"RFAIRCHILD","2N"
"RFLYNN","1R"
"RFORTNEY","2G"
"RFRISARDI","1R"
"RGABRIEL","1R"
"RGARY","1R"
"RGNALL","1R"
"RGONZALES","4N"
"RGRADDY","3R"
"RGRISWOLD","2R"
"RGUEVIN","1R"
"RGUNDERSON","4N"
"RHASSELL","3N"
"RHEBERT","3N"
"RHENDRICKSON","4R"
"RHEYMAN","4N"
"RHILLARD","4N"
"RHISCOX","2N"
"RHONICK","4R"
"RHOOD","4H"
"RHULSCHER","4N"
"RHUMETEWA","3N"
"RIVANCIE","1R"
"RJOHNSEN","4N"
"RJUNE","4N"
"RKAKACH","4N"
"RKARAS","1R"
"RKOLLAR","2R"
"RKRAUEL","4N"
"RKRELL","3G"
"RLALLY","1R"
"RLARSON","2R"
"RLMAHER","3G"
"RMALLON","1R"
"RMCQUEENEY","2G"
"RMENDELSOHN","2R"
"RMESTNIK","1R"
"RMFISH","4H"
"RMITCHELL","1R"
"RMLESLIE","2R"
"RMOSHIER","4N"
"RMYSLEWSKI","4N"
"RNATHANSON","1R"
"RNICHOL","2G"
"RNIESE","2R"
"RNOBLE","1R"
"ROLSON","3H"
"RPORE","1R"
"RPULLIN","4H"
"RRANDALL","3N"
"RRANSDELL","4N"
"RRECKIN","4H"
"RREITER","1R"
"RRICHARDS","3G"
"RRODMAN","3N"
"RROGERS","1R"
"RROY","3R"
"RSAEDI","2R"
"RSCHALLER","2N"
"RSERVIS","1R"
"RSHIU","2R"
"RSINES","2N"
"RSNOWDEN","1R"
"RSTRAND","2N"
"RSWANSON","3R"
"RTANIGUCHI","1R"
"RTATE","3R"
"RTENG","3R"
"RTHOMPSON","3H"
"RTHORSON","1R"
"RWADE","4N"
"RWARING","4N"
"RWOLFE","4H"
"RYARON","2R"
"SAANDAHL","1R"
"SADKINS","2N"
"SAMITCHELL","4H"
"SANTOINE","3N"
"SBAIZER","4N"
"SBAUGH","3R"
"SBAUMAN","4N"
"SBERGLUND","4N"
"SBERKOWITZ","1R"
"SBICKER","2R"
"SBLAKELY","3N"
"SBLEES","4G"
"SBLOCKLIN","3H"
"SBOURDON","2N"
"SBRADLEY","1R"
"SBRYANT","2R"
"SBSPENCER","3N"
"SBUCHT","3N"
"SCARVEY","4R"
"SCHAPMAN","1R"
"SCHOI","1R"
"SCOBEEN","2R"
"SCODDINGTON","4H"
"SCONGRESS","1R"
"SCONWAY","4H"
"SCORBETT","3N"
"SCORIDEN","2R"
"SCOTTS","2R"
"SCRACE","3N"
"SCROEN","3N"
"SCULBERT","2R"
"SDALEY","2N"
"SDELORGE","4N"
"SDEWITT","1R"
"SDITULLIO","4N"
"SDOUGLASS","2N"
"SDRAKE","2R"
"SDUNCAN","1R"
"SEBROWN","4N"
"SEDGEWORTH","4N"
"SEHILL","3R"
"SEISELE","3N"
"SEJOHNSON","4H"
"SEKELLY","1R"
"SENGEBRETSON","3N"
"SENGLE","4N"
"SEROSE","4N"
"SETAYLOR","3R"
"SEVERT","2G"
"SEWMOORE","2N"
"SFARNELL","3N"
"SFIELDEATON","2R"
"SFIELDING","3R"
"SFINKLEMAN","1R"
"SFORBES","4N"
"SFORDJOUR","2G"
"SFREEDMAN","3N"
"SGADAIRE","2R"
"SGAINES","2N"
"SGIBSON","2H"
"SGILLIOM","2N"
"SGLANCY","4R"
"SGOLDSTEIN","4N"
"SGOMEZ","4N"
"SGREGORY","1R"
"SGTAYLOR","3G"
"SGULIAN","1R"
"SHAN","2N"
"SHARDIN","4N"
"SHARVEY","3G"
"SHATLEY","3N"
"SHEDGES","3R"
"SHEIMLICH","4N"
"SHENERLAU","4N"
"SHOFFEE","1R"
"SHOLCOMB","2R"
"SHOMER","1R"
"SHOWARTH","3G"
"SHOWE","3H"
"SHROSS","1R"
"SHUTTON","3R"
"SINGLEMEAD","1R"
"SJBLAKE","3N"
"SJENSON","3N"
"SJOHANSEN","2G"
"SJOHANSSON","2R"
"SJUDSON","1R"
"SKADAS","2R"
"SKAMITAKI","1R"
"SKANG","3R"
"SKELSEY","1R"
"SKETTWICH","4N"
"SKHARBAS","2R"
"SKIELTY","2N"
"SKITCHENS","3N"
"SKRABACHER","3N"
"SKRUG","1R"
"SKRUSS","2R"
"SKWOODS","4R"
"SLAFERRIERE","1R"
"SLAMA","2G"
"SLARMSTRONG","4N"
"SLEFTWICH","2G"
"SLELLIOTT","3H"
"SLESSER","4N"
"SLOHRASBI","4N"
"SLOWE","1R"
"SLPHILLIPS","2R"
"SMACHA","4N"
"SMATSUSHITA","2R"
"SMAYNARD","4R"
"SMCCOTTER","3H"
"SMCELROY","3N"
"SMCSPADDEN","2R"
"SMELHORN","4N"
"SMINNER","1R"
"SMOLUF","4R"
"SMOODY","4N"
"SMOSHER","1R"
"SMOSS","2N"
"SMURRAY","2N"
"SMWRIGHT2","3H"
"SMYERS","3R"
"SMYOUNG","1R"
"SNAZER","3G"
"SNJACKSON","3N"
"SNKING","1R"
"SOJO","4R"
"SOLENIC","3H"
"SOLSZEWSKI","1R"
"SORY","3N"
"SPASCALL","1R"
"SPAULOS","2G"
"SPBLUHM","3N"
"SPHART","1R"
"SQUESENBERRY","1R"
"SRAIKE","3N"
"SRELLER","1R"
"SRICE","1R"
"SRITTENHOUSE","4H"
"SROLAND","2R"
"SSABEL","3N"
"SSAITO","2R"
"SSAUNDERS","4N"
"SSEALEY","3H"
"SSELIGMAN","4G"
"SSESSIONS","1R"
"SSEVIER","3G"
"SSEWELL","2N"
"SSHANGRAW","2G"
"SSHEPARD","4N"
"SSHIELDS","3N"
"SSHINGU","4N"
"SSHOPTAW","4N"
"SSHUMP","2R"
"SSIEVERS","4N"
"SSLOYER","2G"
"SSNEDDEN","3N"
"SSOTOMAYOR","3R"
"SSOUVALL","4N"
"SSSOULE","4R"
"SSTERTEN","2G"
"SSTEVENS","2G"
"SSTOOKESBERRY","3N"
"SSTRATTAN","2R"
"SSWIESS","4N"
"SSWU","2R"
"SSYRETT","4N"
"STETZLAFF","4N"
"STHOMAS","3N"
"STRAN","2H"
"STSUKIYAMA","1R"
"SVERT","1R"
"SVOGES","1R"
"SWADNIZAK","2R"
"SWEBB","2R"
"SWEBBER","3N"
"SWENTLING","4N"
"SWILBUR","4R"
"SWILLSON","4H"
"SWILSON","2R"
"SWOLF","1R"
"SWOLFE","1R"
"SWOOD","1R"
"SWTUCKER","4G"
"SYOSHIMOTO","1R"
"SZTAYLOR","2G"
"TABECK","3N"
"TANNAN","3N"
"TANUNSEN","1R"
"TASH","4N"
"TBARTZ","4N"
"TBLASZCZAK","3N"
"TBRONDUM","2H"
"TBROTEMARKLE","2H"
"TBRUEN","2N"
"TBURGER","4N"
"TCARY","2R"
"TCHOGYAL","4N"
"TCHRISTENSEN","1R"
"TCLANCY","4R"
"TCLUTE","2R"
"TCRABB","1R"
"TCROUCH","2H"
"TCRUZ","1R"
"TCRUZURIBE","3R"
"TDEPALO","1R"
"TDUNHAM","2R"
"TEADAMS","4N"
"TEDLEFSEN","3N"
"TEGGLESTON","3R"
"TERSFELD","4N"
"TFERNANDEZ","2R"
"TFIRMAN","3N"
"TFITZPATRICK","1R"
"TFOGARTY","3N"
"TFPHAM","1R"
"TGERAGHTY","4N"
"TGITTINGS","2R"
"TGLASSMAN","4N"
"TGREENE","2N"
"TGRIFFIN","2G"
"THALL","3N"
"THAMEL","1R"
"THEDGE","1R"
"THENLE","1R"
"THOLDERITH","4G"
"THORN","4N"
"THYDE","4N"
"TJERGESEN","2N"
"TJHERNANDEZ","3N"
"TJJOHNSON","4N"
"TKANE","3N"
"TKENDRICK","4N"
"TLARSON","4N"
"TLITTLE","4N"
"TLOGSDON","2N"
"TLROGERS","4R"
"TLUDWIG","3N"
"TMAHMOUDI","3G"
"TMANDERSON3","4N"
"TMATHISON","2R"
"TMENDEL","3H"
"TMILLER","1N"
"TMLONG","4N"
"TMOOSBRUGGER","1R"
"TMORGES","4N"
"TMOYLETT","4G"
"TMUNSON","2R"
"TOGBURN","2R"
"TPARRY","3R"
"TROGERS","3N"
"TRONAY","4N"
"TROOZEN","3N"
"TRPHILLIPS","3N"
"TRUFF","4H"
"TRUSKOSKI","3H"
"TRWEAVER","4N"
"TSANDS","1R"
"TSHOUSE","2R"
"TSIMONS","3N"
"TSKARSHAUG","3N"
"TSMITH","4H"
"TSONEIL","2N"
"TSTINNETT","1R"
"TSTONE","4N"
"TSUMMER","3H"
"TTAUSCHER","2R"
"TTHONSTAD","4N"
"TTIDD","3R"
"TTRINDLE","1R"
"TURIO","4N"
"TVANLOAN","3R"
"TVLASAK","2N"
"TVOLZ","1R"
"TWADLEIGH","4N"
"TWESTLY","1R"
"TWITTIG","2R"
"TWIX","4N"
"TWOODRUFF","1R"
"TWOOTEN","1N"
"TWOZNIAK","3R"
"TWYNN","4G"
"TYI","4R"
"TZIELINSKI","1R"
"TZITZER","4H"
"VBONOMO","1R"
"VCORDOVA","1R"
"VGHIRINGHELLI","3N"
"VGOSSACK","1R"
"VHOY","1R"
"VKUTASZ","4H"
"VMORELAND","3R"
"VNGUYEN","2R"
"VPINKERT","1R"
"VPOLLOCK","3R"
"VRAEBURN","4N"
"VRAUH","3N"
"VSTONE","2R"
"VTOGLIA","4N"
"VTRAN","4R"
"VUK","3G"
"VVO","3R"
"WANDERSON","2R"
"WBAILEY","2N"
"WBAUTISTA","1R"
"WBOWSER","4R"
"WBOWSHER","4N"
"WBUSHYHEAD","4N"
"WCARLYLE","3N"
"WCECIL","4N"
"WDANG","2R"
"WEBERLE","2N"
"WEMGE","2R"
"WENG","3N"
"WENGELL","2R"
"WESSICK","2G"
"WGENT","1R"
"WLILJA","4G"
"WMENTOR","1R"
"WMITCHELL","2R"
"WPAGE","2R"
"WPARRETT","2R"
"WPERRY","3H"
"WPFALZGRAFF","3R"
"WPOTENBERG","1R"
"WPRICE","4N"
"WPUTNAM","1R"
"WRITCHIE","1R"
"WROBINSON","3R"
"WROUNDY","2R"
"WSCHNEIDER","2N"
"WSHARP","4N"
"WSOK","3N"
"WSTECHER","1R"
"WSTEWART","4R"
"WSWANNACK","4N"
"WTRUE","4N"
"WULVESTAD","4N"
"WWARNER","1N"
"WWPEARSON","1R"
"YLOUIE","2R"
"YUJUNGCHOI","4H"
"YWORD","4N"
"ZBANKS","1R"
"ZBANTON","1R"
"ZBENTON","2G"
"ZBRAUN","1R"
"ZCHRISTIN","3N"
"ZFROMER","4G"
"ZGIROD","1R"
"ZGOLDSTEIN","1R"
"ZKALLENBORN","3R"
"ZKEIM","2N"
"ZKORTE","3H"
"ZKOTEL","2R"
"ZLAM","2R"
"ZLTOYAMA","3R"
"ZLYONS","1R"
"ZMACLEOD","2R"
"ZMULLER","2R"
"ZNEWMAN","3N"
"ZPEELER","4N"
"ZPREEFER","3R"
"ZSEMAGO","2N"
"ZSHERMAN","2R"
"ZSMALL","1R"
"ZTEMPLETON","4N"
"ZTSCHIDA","2N"
"ZVONBERG","2N"
